,PC1,PC2,PC3,PC4,PC5,PC6,PC7,PC8,PC9,PC10,PC11,PC12,PC13,PC14,PC15,PC16,PC17
0004,-0.7535644565360151,-1.7538871793675683,-0.6249899601612999,0.44699522444566736,-0.48833446717185663,0.23775265851398908,-0.07834922564419983,0.12323677535204794,-0.03730861304198193,0.0021851251712203226,-0.11585285033280424,3.461385775444816e-15,3.7378869051312606e-17,1.5525407138866963e-17,9.63464208862125e-18,1.363031021959569e-17,0.0
0010,1.1279468743451369,-0.5421986187872339,-0.3824223816036388,-0.3261361138204059,0.21416736297679087,-1.6211547578245649,-0.046535321674307836,0.2813764898063153,0.4450953980239972,-0.25577065616724165,-0.19117732775109497,-3.8497356580395314e-17,-3.698503488898713e-18,-1.0254651221461927e-16,-8.092314675537732e-18,-5.755028869866004e-18,0.0
0038,-8.838076982039166,0.1434345916753437,6.560627034024492,-0.5379734118894175,1.8586530905257062,1.937477127362242,2.3850526458577193,-0.9360621268124895,-0.37483874158512676,-1.1706623532143055,-0.3116562686956973,8.300586283805826e-17,-1.3804352950926126e-17,1.2389802222191207e-17,7.746925658341898e-18,-8.245348236783497e-18,-0.0
0039,-2.5341254288575525,0.3826594299147067,0.5547581529312242,-0.6803910794139904,0.19273616227534773,0.3270556565553192,-0.08405240061635481,-0.0004156092406070433,0.31236037621958807,-0.2994089729473385,-0.008443714291731469,1.9115927694627312e-17,-1.3207035755032206e-16,2.1531188361913256e-17,-6.348215648119374e-18,-4.195544267706215e-18,0.0
0011,4.596762481659637,0.5459519837060463,-0.09366527463710175,1.7952206643907036,4.6903671341576905,0.44269367745474264,-1.0711056976653357,0.5331589296833286,1.0764838794175373,-0.6029244208373579,-0.07928057814389014,3.3255007982509536e-17,9.0453733922966e-17,-1.5565455135218406e-17,7.545060763806841e-18,1.0807068337856353e-19,0.0
0005,-0.6882416847483165,-0.3966482950061564,-0.8936960466902235,-0.5401797958455158,-0.18582324620189372,0.03970569353903508,-0.082728930308019,-0.0017825766813027056,0.04331177215720303,0.010045115691134504,-0.017488568854615014,2.0719863998996546e-16,1.447330223652289e-16,4.716669014389216e-18,-6.367269130307365e-17,-1.9275481883771637e-16,0.0
0013,-0.6150582368070575,-0.22487067087627285,0.7380188943162005,-1.7236079288617938,-1.01797765298511,2.2462217695962776,-1.0091535981901998,0.36545738263207295,-0.04471493688146351,0.08591302930808005,0.22654422173091537,1.1676929474650297e-17,-2.4417806350079318e-17,-2.976977221839586e-17,-5.7005267853181065e-18,6.306805173791674e-19,0.0
0007,-0.691983675030842,-0.9622151683746146,-0.8507695151410184,-0.012049095274585,0.08249956083228079,0.2232387840375435,-0.1879213644875365,0.06150592280128452,-0.026637436896642244,0.035581787031443955,-0.06218230886590367,-9.088003730263484e-17,2.7773460435965815e-17,-2.094081135623795e-17,-9.126393107821752e-18,3.979882447366726e-18,-0.0
0006,3.2355799225498068,0.5087147781892886,-0.4433464384626501,-1.2240457790787904,0.2726584189342391,-0.07262766118374063,1.3465958246773784,1.20602408884302,0.0754761347991409,-0.3427349821254816,-0.07402393372174264,-1.1251950640261396e-16,-1.3833176163828718e-17,4.4306697525308016e-16,6.40234034569573e-17,-1.0002745371253922e-17,0.0
0012,-0.7045723776952411,-0.7359580160965083,-0.8265195250579912,-0.293386040772722,-0.2614510514443822,0.08921743478277301,-0.081634004142064,0.029472261327033678,0.023156675857406557,0.008080118061156097,-0.042079639224162003,-5.020847700584798e-17,-5.95853777183066e-17,-1.1779796785648832e-16,2.840114111299836e-16,-4.430229480445464e-17,-0.0
0016,0.8214258832523242,0.5152644696711246,1.180614688647124,2.2978652245089823,-0.8667088642441134,-0.14572147534215765,-0.7192193339760242,-0.8789118299779207,-0.19308462590099668,-0.02508073493371654,0.6101088960071164,3.6603117076980364e-17,-7.657958506700815e-18,4.4408753920352965e-17,1.0281882561218078e-17,-5.796618057083381e-18,-0.0
0002,-0.6882416847483164,-0.3966482950061553,-0.8936960466902237,-0.5401797958455196,-0.18582324620189206,0.03970569353903374,-0.08272893030802038,-0.0017825766813035827,0.04331177215720286,0.010045115691133701,-0.01748856885461448,-6.240732326599555e-17,-3.624208982594476e-18,2.450309683666115e-18,-1.6194220139290588e-18,1.5174630579896578e-18,-0.0
0003,-1.7526730588341073,-0.13918340226426826,1.1046673733341883,-1.5148733182119947,-1.8969837105011569,1.0683525918940737,-0.16560142338547662,0.20829371205278013,0.37690407786708574,-0.0009557701298397947,0.13834003840960138,-2.4007583509938795e-16,5.733330407927628e-16,4.307264525145355e-19,2.863253081687058e-17,2.994959526558497e-17,0.0
0017,-0.7844505382297319,-0.27604399747756875,-0.8379922043361547,0.48776536785818003,-0.08672293718407945,-0.48819032547933844,0.8951790393666421,-0.18427038463086526,-0.37009375574169945,-0.2812970489482059,-0.10939400084905862,-9.353044860545135e-20,3.0385765149230485e-17,-7.6690917028903e-18,-2.9062664806749245e-19,2.1444494028141076e-18,0.0
0029,-0.73723376358909,-1.4145774582772124,-0.6921664817935265,0.20020146937287214,-0.4127066619293619,0.18824091727025166,-0.07944415181015181,0.09198193734370713,-0.017153516742187,0.004150122801200976,-0.09126177996325494,-1.0884014848939147e-16,6.535091131916969e-17,4.48064377059251e-18,1.6712253838860982e-18,4.488595404503969e-18,0.0
0001,-0.3695963321807094,-0.016818043671116313,-0.5709064640097927,0.3336027416163334,-0.4206262331631573,0.29308535421808196,0.03631587540008257,0.09824924439831811,0.11011918684881361,-0.1604292500489527,0.3270013468894588,-3.512635473889595e-18,-8.928638020422874e-18,-6.08403691364659e-19,-6.504117694871768e-19,-2.305694057023087e-19,0.0
0015,-0.2152909287298025,-0.5396698427048263,1.2184496580959743,0.7621274344557001,0.2769689939350789,-2.9147359128033368,-0.9872625198095905,-0.6412211133948161,-0.4621403092626465,-0.34917428716907406,-0.24406377001553622,-1.7429123856404802e-16,2.078478008030999e-17,2.701937411884407e-17,5.922317334971017e-18,-1.6865013929772577e-18,0.0
0014,-1.706929009147535,-0.6904524425591742,-0.650109764374674,0.8896470448390598,-0.0543479217091104,-1.478808139697933,0.2334442910128227,-0.13717312770369772,0.518456597564228,0.9934072720286594,0.10765327264039189,-1.8550046762674658e-17,1.0699429518991026e-17,3.2599615112155465e-17,4.994613924307309e-18,2.4899868359434056e-19,0.0
0028,1.1109314248024886,-1.6319926860073108,2.090598309264094,-0.35968344839209115,0.54685985920646,-2.403644965359022,-0.7721840669507377,1.6042848001514725,-0.4717440871655339,-0.2868743754619685,0.3704464125300063,-4.296172679084098e-17,-1.718039544210872e-17,-3.625438425738e-17,-4.417909426881408e-18,-2.7308830236049e-18,-0.0
0113,-0.7263466349578068,-1.1883709775503117,-0.7369508295483478,0.03567229932434112,-0.3622881251010355,0.15523308977442538,-0.08017410258745615,0.07114537867148232,-0.0037167858756560423,0.005460121221186122,-0.07486773305022383,-9.279273343814318e-17,-1.5608094019278912e-17,3.717102668130623e-18,-2.5882176890423436e-18,5.399181297876279e-19,0.0
0107,-1.1349931756211336,-0.534289492936323,-0.7542738825788454,0.4736795252068279,0.024483540843019343,-0.666311700253107,0.9793901713368772,-0.24822245138068372,-0.06159669330010772,0.1206279291985225,0.1221270624969011,-1.0714462892347478e-16,1.4942420869477998e-17,2.4317857006550256e-18,6.252896357414649e-19,7.143179572001362e-19,-0.0
0098,-0.7644515851672973,-1.9800936600944667,-0.5802056124064716,0.611524394494201,-0.5387530040001787,0.2707604860098166,-0.07761927486689212,0.14407333402426797,-0.05074534390851499,0.0008751267512386398,-0.13224689724583322,-1.2319957211205493e-16,-2.734649537925629e-17,4.9850639724938774e-18,-3.543816705022197e-18,-4.2532693482752107e-19,0.0
0067,-1.2967468072741657,3.6532669196196896,-0.8570335996451648,-2.8657407567785698,0.7186682772585585,-0.3205836332321502,0.05659044211315175,-0.2971207312019243,0.13715281183889455,-0.3122280866171201,0.17960622697275078,3.155566354973694e-17,1.0924777724153918e-16,-1.2805542765608142e-17,4.9711647912757e-18,8.114933669881792e-18,-0.0
0073,-0.7391465777967181,-0.39653841902936143,-0.744002281215375,-0.793465280887217,-1.0409716370693676,-0.17933159876452975,0.1493269533971297,-0.026062326923586055,0.1221489648935638,-0.05242998172182763,-0.00944680705354719,-6.51388046513792e-17,-1.78619636392709e-17,3.3591722243869876e-19,-2.9980728096465593e-18,1.1888865724391176e-18,0.0
0072,-2.8325197623447647,-0.44176357045304243,0.047754929242238654,0.4054159588517326,0.3358511456829397,-0.8628818678997995,0.8689791689034182,-0.20101503186460445,0.2214980073148589,0.03689535260177919,-0.045004893112148066,-6.439843160014001e-17,1.3418174057899565e-17,2.2321689047657218e-18,2.980356161475811e-19,1.0670339202335268e-18,-0.0
0066,5.039761209300232,-1.0363077500676148,1.1654305466865118,-1.4276986383811952,0.7446199221228125,-1.1069449970104766,1.401155593379021,0.5462513905052849,-0.28562887292949307,0.06570759020862092,0.16898657558748498,-1.678753146657808e-16,1.3236180317775155e-17,-5.0528057193356574e-17,-4.523217563103373e-18,-1.030121413288653e-18,0.0
0099,5.584400943626718,-0.8917442716123862,1.1324574065912425,-0.3931654463088177,-0.02113298017518819,0.757106681432452,1.5281865741629514,-0.15089230476419693,-0.17859138216647027,0.188725114310033,0.2913184234203537,-2.2536984830711878e-16,6.5029436995302124e-18,-2.918576636000998e-17,-1.3778525954467464e-18,-2.9980541293105314e-18,0.0
0106,0.49227005857345585,3.1806137805131143,-0.024395504821755228,0.06253969450354012,-0.3065817467960717,-0.13222728669253236,-0.20932802820724375,-0.10145409018815638,-0.25388148212588346,0.1208658281724522,-0.18942766640736428,-1.3384068503908065e-17,-5.148265695846038e-17,1.4114081486148913e-18,-6.294215020702734e-19,-4.056958120172095e-18,-0.0
0112,-0.7590080208516556,-1.8669904197310159,-0.6025977862838826,0.5292598094699352,-0.5135437355860153,0.25425657226190357,-0.07798425025554415,0.1336550546881557,-0.044026978475249424,0.0015301259612311537,-0.1240498737893176,-1.2141868977540834e-16,3.691446208457835e-18,4.943663316130264e-18,-1.8289187270121434e-18,1.1836879943018252e-18,-0.0
0104,0.4434660162745643,3.5992921355902596,-0.3267821122540099,0.6817577878139772,-0.5379931689691105,0.5462796177448838,0.40223579470699183,0.7215192957236448,-0.1201112784973437,-0.1491734896618221,-0.07141963217428529,9.771960758622321e-18,-2.457031007977313e-17,-3.097825779528967e-17,-4.039991451617692e-18,-2.273757040321295e-18,0.0
0110,-3.5111104833738436,0.04721033600075357,1.4473337286801526,-0.3759441511029912,0.36516038067010703,0.4803058970115313,0.2848841972524304,0.007268770909483033,0.5131869757173187,0.1266342754088687,0.013378917065075333,-1.7052075374929544e-16,-1.9763295121644778e-17,2.8897482639433976e-19,-1.5314363678568024e-18,-1.1315436533669436e-18,0.0
0070,0.3360306537197646,-0.839175772841264,2.31942011981853,-1.1578186799462726,-0.34115817830318435,0.7520644836733658,-2.3285010846250644,0.3149677008734025,-0.16508802246780363,0.28019258963118693,-0.004083284966805986,3.1988989169466605e-17,-2.3691821658462182e-17,2.3911496570641163e-17,2.6335625706476935e-18,-2.2820298926404426e-18,-0.0
0064,0.5166173286025412,2.6464645775481275,0.03390636238197501,1.8978050084301592,-0.9078173701287501,0.8233631204615234,0.46838388832060873,0.9475531466024627,-0.2274843960867695,-0.1777944767702418,-0.18399648671209762,-4.5217417363962867e-17,4.3899591110544777e-17,-3.2435112053081043e-17,-1.121356143813464e-18,1.145995915602916e-19,0.0
0058,6.59090912045976,-2.3919422747746517,1.3255850599145143,-2.840986935194916,0.626084166636529,0.8190846099032713,1.8074209220444928,-0.5224592775858202,-0.7945752629617419,0.98870442716525,-0.42279796435259626,1.28632026041728e-16,-3.2879206524451436e-18,-2.0484051700447693e-17,-1.8187894150751696e-18,-5.399831302466526e-19,0.0
0059,0.08345529198807111,-0.8476349822728436,-1.5418763267725506,-0.08180660016799225,-0.2559439937410917,-0.4022353536242094,0.06659524532749218,-0.14259743704451924,0.5051656218223769,-0.38357616357524377,-0.43754303473072065,8.096329533252685e-17,-7.028104601839911e-18,-3.727889312298234e-18,-4.181478096404831e-18,3.3260211091291144e-18,-0.0
0065,4.88006632737336,-0.09469550123217467,0.9265657153278049,-0.6000556160317319,0.10730721289472173,-0.11811529422566294,0.5516853450652852,-0.08050169923372155,0.6199574490065776,-0.27381409674538815,-0.07360968893157856,-1.2933581055475035e-16,-1.0516637471103639e-17,-2.8442488617310386e-17,-3.5230209243733366e-18,-1.5106186879553774e-18,0.0
0071,2.5814626189445917,-1.9877003481329791,0.9619122863562111,0.5551409991973361,-0.02178447121280011,-1.2009728912353272,0.3346360405716439,0.3000226948621657,-0.7174262935940846,-0.04596053651618904,0.19993860660543247,-6.447360021871241e-17,6.588775661522048e-17,-1.1788179253491152e-17,3.2811895729266986e-18,6.518438180042691e-19,-0.0
0111,-0.704572377695241,-0.7359580160965081,-0.8265195250579912,-0.29338604077272196,-0.26145105144438213,0.08921743478277316,-0.08163400414206419,0.029472261327033348,0.02315667585740623,0.008080118061156114,-0.042079639224161296,-7.477459886260216e-17,-1.626429498725703e-17,2.9575068546324444e-18,-2.438025863950938e-18,7.2252346933859545e-19,0.0
0105,-2.5275702010079226,0.7483922282238088,1.3594225247525464,-1.623951436022656,0.3420885166801169,1.38813554286273,0.17625954849719788,-0.15461552178634655,-0.45655951239468023,-0.23920634968125112,0.1425694361993895,-2.396747531103409e-17,-2.2715822803165975e-17,-8.465482385020571e-18,-1.8244312804751153e-18,-1.031519912689449e-18,0.0
0101,-0.7100159420108824,-0.849061256459959,-0.8041273511805804,-0.21112145574845628,-0.2866603198585454,0.10572134853068621,-0.08126902875341217,0.039890540663145554,0.01643831042414067,0.007425118851163623,-0.05027666268067693,-8.109618493213872e-17,4.715802737997831e-18,3.2464747270245124e-18,-1.356549179454394e-18,1.7198520502505958e-18,0.0
0049,-0.7590080208516556,-1.8669904197310159,-0.6025977862838826,0.5292598094699352,-0.5135437355860153,0.25425657226190357,-0.07798425025554415,0.1336550546881557,-0.044026978475249424,0.0015301259612311537,-0.1240498737893176,-1.2141868977540834e-16,3.691446208457835e-18,4.943663316130264e-18,-1.8289187270121434e-18,1.1836879943018252e-18,-0.0
0075,-0.352614254876225,-0.7973273716440569,-0.31399276453352587,1.1020714837324064,-0.7786901598930522,0.4399452420011648,0.09567865063505458,0.19447231334260126,0.08376202307682847,-0.2090283098233125,0.3365594205183808,-2.188552326360307e-17,-5.788337217632943e-17,-3.1198299625586197e-19,-3.4618216823995682e-18,-3.342960475071776e-18,0.0
0061,-2.7358881962836996,-0.1485498258499716,0.4625910065415207,0.2386732483282887,0.4204227219513471,-0.9517535560692946,0.6798347405974596,-0.6248724715481097,-0.1978196249561687,-0.2957273113934211,-0.13353407910534212,5.968348167567804e-17,1.942414811807323e-17,7.769645218584866e-18,2.3239485304058345e-18,1.02904505930064e-18,-0.0
0060,0.7195249691742057,2.8756479713423726,0.3248998081531271,1.956620371598896,-0.9006174078495712,0.6016859480035242,0.24361025167090344,0.6730648130231507,-0.3310628022128592,-0.07371762018897497,-0.2578570536029126,-5.760388289426008e-17,9.066202577788193e-17,-2.0995175445791638e-17,3.561640174766262e-18,1.6662466783661225e-18,0.0
0074,3.4988137173782787,0.0017975814970229455,-1.3529719891278125,1.3355753247944713,2.5778548505506547,2.5640481000520654,0.4401214726388968,-0.3570196445381932,-0.05015842853749209,0.15702098582879642,0.31659250742861794,-5.649916512332096e-17,1.8004353033623362e-17,-5.164802172042647e-18,2.2050891698437527e-18,-1.3796573228285227e-18,0.0
0048,-0.38125904989429277,-0.4506350707815553,-0.47280731675970944,0.6844241669448042,-0.5271210515524499,0.3658630088117369,0.04140620916735859,0.14235242880326146,0.08570797663169744,-0.16823997098450402,0.3052867971575168,-1.9529825332527854e-17,-7.498456753652503e-18,5.0189241311957336e-20,-7.17667219889906e-19,-4.16571043784638e-19,0.0
0100,-0.47458184944431747,-0.3420880182396335,-1.408910690881994,0.4385490938260887,2.884715499941408,0.8504586384206544,-0.909768661783426,0.0930538756445892,-0.23402974623996278,0.22025263844192203,-0.013795085535979629,-4.4105743872084125e-17,2.1115811362204772e-17,9.647426097141767e-18,2.046682158085386e-18,1.2431992753684823e-18,0.0
0102,-0.7016856851474254,-0.7306491563695977,-0.8240842093131098,-0.28717300707487103,-0.26306625252014676,0.0911478840249361,-0.0805975703168399,0.030166008944816008,0.023859611653433914,0.006598244357167118,-0.0389183088392525,-7.444162761835215e-17,-1.331374629690445e-17,2.9416628656256263e-18,-2.267612115106921e-18,8.583188636333994e-19,0.0
0089,0.7309550518925205,4.613929427420533,-0.06283434408929675,-0.23418064461289229,-0.21162907160941824,-0.1445280078383598,-0.12401464903860127,-0.0363226719605412,-0.24114381322281125,0.09622299661744327,-0.14760909008342737,2.1396587239061614e-17,1.9232560652689595e-17,-5.462520700282769e-18,3.2298694503749787e-18,-6.702322041083203e-19,-0.0
0062,-0.7209030706421654,-1.0752677371868606,-0.7593430034257586,-0.04659228569992464,-0.3370788566868721,0.13872917602651233,-0.08053907797610815,0.06072709933537004,0.003001579557609526,0.006115120431178629,-0.0666707095937082,-8.760760818932131e-17,-2.3568962319503635e-17,3.49009665408924e-18,-2.9698094149676443e-18,1.949129460246368e-19,0.0
0076,-0.7324025361677555,-1.1883579061534193,-0.7191425089494033,0.005540188568936867,-0.46402086364182626,0.12917531567746804,-0.05256757160880321,0.06825693789370317,0.0056620817005340685,-0.001972229489286252,-0.07391104476144002,-9.509544257916222e-17,5.355197447892131e-18,3.573394838685212e-18,-1.5342340942991924e-18,1.6360534607302379e-18,0.0
0077,-0.23574772309721492,0.3396025257941037,2.6864770951641357,-1.3569852925531491,0.07329068189136066,-0.221797227983313,-2.304463951877786,-0.35289167168978636,-0.1859571351265383,0.4665952023020194,-0.2561896215828965,-1.0442946673267571e-16,-2.918289724393109e-17,4.02022416734196e-17,5.417651006645665e-18,-3.693968688863663e-18,-0.0
0063,-0.6065882200136944,1.2999003104456055,-1.2295786548513872,-1.7741485712095049,0.19231578001055752,-0.20785301267966144,-0.08820356113780019,-0.15805676672298688,0.1440872536561864,0.019870103841021048,0.10546678299312,1.2895909712493059e-17,-9.469929081475761e-17,-8.199129758561798e-19,-5.819912824863642e-18,-2.23775316686896e-18,0.0
0088,0.7883012057348122,3.176076839657837,0.3748247401397369,1.6744697215110382,-0.8035221314653178,0.41697081087163973,0.1100588915888681,0.47855942727710904,-0.36067351090909966,-0.008132777962744742,-0.28248239662704855,-4.3469168277621353e-17,-2.0979776076094037e-17,-1.5282892392424855e-17,-1.2274411919064302e-18,-4.022052394183561e-18,0.0
0103,0.9953678877326997,4.484655311973549,0.35400411574569346,1.049211431637653,-0.5984939838997323,0.18826295999145976,0.01983443091624748,0.29000876854383867,-0.36428725395656447,0.04293699996581208,-0.2559487521747047,-6.234211787716393e-18,-1.4414382830045905e-17,-1.3083521253364708e-17,5.231855397114861e-19,-3.755880818336909e-18,0.0
0085,-0.704572377695241,-0.7359580160965081,-0.8265195250579912,-0.29338604077272196,-0.26145105144438213,0.08921743478277316,-0.08163400414206419,0.029472261327033348,0.02315667585740623,0.008080118061156114,-0.042079639224161296,-7.477459886260216e-17,-1.626429498725703e-17,2.9575068546324444e-18,-2.438025863950938e-18,7.2252346933859545e-19,0.0
0091,-0.3516965814088674,-0.30214515351755233,-1.209895751344734,0.8601276968572018,2.5696582543063786,0.9331918164447873,-0.8072421785875311,0.14345217043075606,-0.19529643335825092,0.13123981564259693,0.1300111877630447,-2.458137375833367e-17,2.3910010664483232e-17,8.101216124070752e-18,2.563897094136471e-18,7.545247714843188e-19,0.0
0046,0.9383231997827337,1.348800562069281,1.1173260503256741,1.985578863323926,-0.7625860756750539,-0.18841294956526808,-0.691165242290745,-0.9211774116745959,-0.132262220803765,-0.06439296532602778,0.7515411127800905,8.102333857774942e-17,-1.0486331680379514e-17,4.238847517850794e-17,1.0752334697730581e-17,-5.966463330181266e-18,-0.0
0052,3.0520133818451116,-0.6185991077667207,-0.6008480634502955,-0.2297327243945653,-0.33191899431686644,0.7224165577936952,1.192236820860208,-1.2577510878785538,-0.505108393284604,0.5440766446016817,-0.009634767669567303,-3.58025328770179e-17,5.9163544974709984e-18,2.038188517303034e-17,4.2078473873728255e-18,-1.1495008773457645e-18,0.0
0053,-0.5086040623321477,3.3357586369877192,-1.6326377846447828,-3.2549111016462877,0.6460826114654971,-0.5049234601420961,-0.09477311813353627,-0.3455857947730071,0.2650178314549666,0.03166008962088598,0.25301320521040127,7.311546192598071e-17,1.4134228157195549e-16,-3.100658008001061e-18,7.703764493863981e-18,1.0558695622382607e-17,0.0
0047,5.144850260228761,-0.6043449037856901,1.5552871686178913,0.4678115443344742,-0.3091293402675379,0.11239294486932376,-0.2373506832967628,-0.18330113130096376,1.2362017052208762,-0.5759087191294261,-0.3947621688921972,-1.691748759651034e-17,-2.0405497594393147e-17,-1.7843279651393105e-17,-3.244748897992917e-18,-1.809129312332046e-18,-0.0
0090,5.377052868328112,-0.6804437996299593,1.431737068792223,0.075165355765345,-0.16744356482183675,0.5135266172806973,0.7708815134365397,0.04836347614162744,0.40687136051225636,-0.13440312099852683,0.1674321689441825,2.4824099545447084e-17,6.763477482572924e-18,-2.7102097697169565e-17,-1.026996860793333e-18,-1.8914403293363554e-18,0.0
0084,-0.6446931702231847,0.5081776279014504,-1.072833437709511,-1.1982964760396448,0.015850901111414368,-0.0923256164442702,-0.08564873341723617,-0.08512881137020128,0.09705869562332749,0.015285109371073578,0.04808761879751063,-2.7713378598006995e-17,1.0440980714778393e-17,1.0043039667918304e-18,-4.923730725941881e-19,2.653161950083523e-18,0.0
0092,-0.7535644565360142,-1.753887179367564,-0.6249899601612936,0.4469952244456689,-0.48833446717185175,0.23775265851399036,-0.07834922564419618,0.12323677535204335,-0.03730861304198381,0.0021851251712236616,-0.1158528503328019,-1.196378074387617e-16,3.472938779617196e-17,4.902262659766649e-18,-1.1402074900208998e-19,2.7927029234311717e-18,-0.0
0086,-3.1124619944618375,0.20427229221916757,5.5781353146428225,-1.7151212902232873,1.6395465256747777,-1.081321314276228,-0.2814349527973008,1.1851817611028317,0.268540975046147,0.33675941909676343,0.3731394290038769,2.216344383779582e-16,-4.503961017179433e-17,-2.530607808718261e-17,-9.856493928243697e-19,-5.0985116449150934e-18,0.0
0051,2.6303739955595784,-1.3590458026335097,0.10162898053695857,-1.5321209825229996,0.7591766484640718,-1.3653096274259422,1.3995958398368933,1.309841995705112,-0.6589646605934024,-0.13373265783673202,0.4068409877173114,1.5397467482605512e-16,1.859142809494925e-18,-6.26190480301546e-17,-7.551085522245945e-18,9.946698064047002e-19,0.0
0045,-0.7154595063265239,-0.96216449682341,-0.7817351773031695,-0.12885687072419041,-0.3118695882727088,0.12222526227859928,-0.08090405336476016,0.050308819999257806,0.009719944990875104,0.006770119641171125,-0.058473686137192574,-8.582672585267472e-17,7.4689792682105e-18,3.4486959977256247e-18,-1.2549114369575904e-18,1.803927875153984e-18,0.0
0079,6.547435666823471,-0.3650845421633203,1.9945359233170012,-0.2071712166882699,-0.35599244656570617,1.2493493409360148,0.2459282577306176,-0.6526315238342046,0.6382194153973382,-0.017306952103601995,-0.13163898440431787,5.5435842856789595e-17,-1.832652182246523e-17,-6.755543739956195e-18,7.235292459095804e-19,-3.4754047861875284e-18,0.0
0078,-0.07375348217386055,-1.2345625272770075,-0.9124354878794836,0.6755985747196691,-0.26268974450776633,-0.10447509925830897,1.1829104746711425,-0.3535960794233266,-0.770815583549604,-0.06785122016238936,0.21621661478734722,-1.369232996290609e-16,4.344185222512012e-17,-8.544546691976442e-19,1.814483094798505e-18,1.2892881827997362e-18,-0.0
0044,-0.7698951494829386,-2.093196900457918,-0.5578134385290607,0.6937889795184669,-0.5639622724143418,0.28726439975772966,-0.07725429947824015,0.1544916133603802,-0.057463709341780564,0.00022012754124615624,-0.14044392070234885,-1.2498045444870153e-16,-5.838443696697042e-17,5.026464628857493e-18,-5.25871468303225e-18,-2.034341863956868e-18,0.0
0050,0.22527121251133683,2.798310037243401,-0.30809560427745947,-0.7519196493856648,-0.0628945128841619,-0.36480850174440344,-0.33984767338041033,-0.3550613410619104,-0.1705273469169203,0.16691146226041928,-0.12622246232728315,-9.764401055749287e-18,8.418519970854282e-19,9.351617658443046e-18,2.8028102357619345e-18,-3.8810216579888526e-19,-0.0
0087,-0.6282165796399378,-0.1998854460703638,-0.42666769528271703,-0.6075312258490116,-2.0338559960327944,-0.2739619329717527,0.4471697512303333,1.9540069316634327e-05,0.23695596966890226,-0.20333000236443144,0.1749576160872839,-3.9400917602240507e-17,-1.6080631903848805e-17,-3.3001116863388004e-18,-2.8869024639819415e-18,9.15027981970681e-19,0.0
0093,-0.30602335407959985,1.0931084095861374,-0.7097832853339611,-0.5657944230930722,-0.16060293672704015,-0.02238417177983305,-0.08533198741065115,-0.013661625992782856,-0.02054692383548851,0.0298553341587548,-0.03868805006176848,-2.6709600998948087e-17,-7.624334999364515e-17,-7.5124827359675535e-19,-4.570894192851257e-18,-2.9205358733548618e-18,0.0
0108,-0.7154595063265239,-0.96216449682341,-0.7817351773031695,-0.12885687072419041,-0.3118695882727088,0.12222526227859928,-0.08090405336476016,0.050308819999257806,0.009719944990875104,0.006770119641171125,-0.058473686137192574,-8.582672585267472e-17,7.4689792682105e-18,3.4486959977256247e-18,-1.2549114369575904e-18,1.803927875153984e-18,0.0
0097,-0.5046591571860284,-1.220734545319992,-0.3959082852995868,0.648934388700882,-0.5220442091607103,0.19428206717116334,-0.14350825476886556,-0.00851295160758265,-0.034864199171604986,-0.02358260394972404,0.03818042338377502,-7.922244216431662e-17,-2.4467879854919007e-17,8.889891707613731e-18,-1.4491902365193466e-18,-1.085554174096723e-18,0.0
0083,-0.009132624338613908,-0.4923241200897817,0.18751349843115048,1.0917833661891492,-0.5969160376644824,-0.023071116882576948,-0.4188845262676143,-0.4116397921950857,-0.11489731608163017,0.017557480115059584,0.2044387951520919,-4.3691403596096246e-17,1.4886367250238306e-17,2.484225815825003e-17,5.0287610680290675e-18,-1.1015086480353933e-18,-0.0
0068,0.9037579531326324,2.9686702115492722,0.6271818459471852,2.069901244490965,-0.9117178254107824,0.3878442902675617,0.01484387952357702,0.40798679672387017,-0.4463816582140157,0.037777529093556785,-0.3589988580781016,-6.788257089059193e-17,2.2428833397854408e-17,-9.844369416982249e-18,1.9405278361526004e-18,-2.539725601542676e-18,-0.0
0054,-0.7317901992734483,-1.3014742179137617,-0.7145586556709368,0.11793688434860648,-0.3874973935151986,0.1717370035223383,-0.07980912719880416,0.0815636580075945,-0.01043515130892158,0.004805122011193631,-0.08306475650673943,-9.934161167182263e-17,7.975849590981981e-18,4.018462912192827e-18,-1.36676401283155e-18,1.6677113901294306e-18,0.0
0040,-0.704572377695241,-0.7359580160965081,-0.8265195250579912,-0.29338604077272196,-0.26145105144438213,0.08921743478277316,-0.08163400414206419,0.029472261327033348,0.02315667585740623,0.008080118061156114,-0.042079639224161296,-7.477459886260216e-17,-1.626429498725703e-17,2.9575068546324444e-18,-2.438025863950938e-18,7.2252346933859545e-19,0.0
0041,-0.4333138827851352,0.30979429853087254,-1.632586164851288,0.03810768907761143,3.4733806479216693,0.8507799928106636,-1.0332533316909844,0.04637785998445335,-0.24385684445371064,0.268834830018088,-0.0035545319576622994,-2.1877235812231547e-17,2.837232265272712e-17,9.510011323745014e-18,2.8764992857552265e-18,1.8176603961776026e-18,0.0
0055,-0.7209030706421654,-1.0752677371868606,-0.7593430034257586,-0.04659228569992464,-0.3370788566868721,0.13872917602651233,-0.08053907797610815,0.06072709933537004,0.003001579557609526,0.006115120431178629,-0.0666707095937082,-8.760760818932131e-17,-2.3568962319503635e-17,3.49009665408924e-18,-2.9698094149676443e-18,1.949129460246368e-19,0.0
0069,-0.7521592603250161,-0.8489702919575736,-0.680198360659974,-0.42081231612041853,-0.9946235171857799,-0.07561599999174452,0.1108461960905936,0.019789737345961886,0.08170631728002568,-0.04429698013208155,-0.04361902120274339,-8.407624738980263e-17,1.1621500251813651e-18,1.535189782361373e-18,-2.055293997933196e-18,1.860367752798434e-18,0.0
0082,-0.7209030706421654,-1.0752677371868606,-0.7593430034257586,-0.04659228569992464,-0.3370788566868721,0.13872917602651233,-0.08053907797610815,0.06072709933537004,0.003001579557609526,0.006115120431178629,-0.0666707095937082,-8.760760818932131e-17,-2.3568962319503635e-17,3.49009665408924e-18,-2.9698094149676443e-18,1.949129460246368e-19,0.0
0096,-0.11900559833204273,2.8538823197975036,-0.8206704033605701,-2.317096793551301,0.4085107549460689,-0.7753699320377235,-0.5239055512488573,-0.7632687694073567,-0.01920176688871896,0.23458574208108518,0.004684666475138945,2.2080053900335786e-17,3.486710718303096e-17,1.9262512148506382e-17,5.737872692456801e-18,3.0587613070013617e-18,-0.0
0109,0.9788737800428248,-1.240162020708905,0.4376769379168713,0.834826474161865,-0.028483566585622882,-2.0039443385151783,-0.34266528834318355,-0.32038864537843076,-0.2529884217058118,0.04786954889869594,-0.12346514848756003,-6.52574197925046e-17,8.093831153851222e-17,1.8757771423549728e-17,7.472069004422179e-18,2.299545815989888e-18,-0.0
0080,-0.6991288133795994,-0.6228547757330575,-0.8489116989354021,-0.37565062579698766,-0.23624178303021887,0.07271352103486012,-0.08199897953071618,0.019053981990921103,0.029875041290671787,0.008735117271148615,-0.03388261576764567,-7.14039562644472e-17,-3.4385549977972064e-18,2.829429650921445e-18,-1.7021755349960319e-18,1.4190231620980018e-18,0.0
0094,-0.7159898155548445,-1.2724160416778119,-0.7012288941505419,0.15194407938465093,-0.39633823692233405,0.1823033656375359,-0.0741361807847927,0.08536090291097972,-0.006587614682555166,-0.0033059506983861378,-0.06576113573124752,-9.856666060421774e-17,3.6126714107838296e-17,3.9888561077710564e-18,2.1114508357588287e-19,3.012294407188474e-18,-0.0
0043,-1.5367943081350803,-1.4382821511371722,1.522742257681908,-0.8674930113811472,-2.0295196706954948,2.121484796004174,-1.0787424942363883,0.6077922526401952,0.46181653947380913,-0.010687662381433382,0.009032039127003793,-3.5608007516560576e-16,-7.302864453570249e-17,1.1107286296771758e-19,-7.409206375322979e-18,-2.9157997757149812e-18,0.0
0057,-4.628855060472022,-1.5001038095296906,1.6788667462257987,1.5246070564624987,0.46793905880739844,-0.6540315569458726,1.41311248386734,0.009559769609949972,0.9090114663890978,1.1455136862955673,0.027761097526502458,-2.4219778813615314e-16,1.1059348523358495e-17,1.854818746570547e-17,3.026255418291616e-18,-1.6076943217759083e-18,0.0
0056,-0.7263466349578068,-1.1883709775503117,-0.7369508295483478,0.03567229932434112,-0.3622881251010355,0.15523308977442538,-0.08017410258745615,0.07114537867148232,-0.0037167858756560423,0.005460121221186122,-0.07486773305022383,-9.279273343814318e-17,-1.5608094019278912e-17,3.717102668130623e-18,-2.5882176890423436e-18,5.399181297876279e-19,0.0
0042,-0.5116928844890495,-0.3970293678405879,-1.4128652879603716,0.3382671633629041,2.7800099657006383,0.7993727678115119,-0.8875471984123016,0.08242466783238028,-0.23011207690538088,0.22672180105125506,-0.04537907825219377,-5.080436968091849e-17,2.1358658056984103e-17,9.667354439917737e-18,1.8505175214235272e-18,1.434650849182366e-18,0.0
0095,-0.7426773279047313,-1.527680698640663,-0.6697743079161153,0.28246605439713773,-0.4379159303435253,0.20474483101816437,-0.07907917642150017,0.10240021667981887,-0.023871882175452695,0.0034951235912086603,-0.09945880341977067,-1.0563088231483104e-16,-2.2853882964373934e-17,4.2499726849616974e-18,-3.1168360682806715e-18,1.5257685028359702e-20,0.0
0081,-0.6065882200136944,1.2999003104456055,-1.2295786548513872,-1.7741485712095049,0.19231578001055752,-0.20785301267966144,-0.08820356113780019,-0.15805676672298688,0.1440872536561864,0.019870103841021048,0.10546678299312,1.2895909712493059e-17,-9.469929081475761e-17,-8.199129758561798e-19,-5.819912824863642e-18,-2.23775316686896e-18,0.0
0025,-1.3812520844673175,-0.8212788254270253,-0.9627208133141902,1.4736299903760846,2.627785189876535,0.11640936622270527,0.08201209273328128,-0.16777742238355567,-0.5277846519093509,-0.21351896040521,-0.013960756965363596,-2.0147496565468626e-16,1.7395475215225193e-17,9.84675055723852e-19,7.38537628494907e-19,-4.531000530170373e-19,-0.0
0031,-0.7100159420108824,-0.849061256459959,-0.8041273511805804,-0.21112145574845628,-0.2866603198585454,0.10572134853068621,-0.08126902875341217,0.039890540663145554,0.01643831042414067,0.007425118851163623,-0.05027666268067693,-8.109618493213872e-17,4.715802737997831e-18,3.2464747270245124e-18,-1.356549179454394e-18,1.7198520502505958e-18,0.0
0019,-0.9803677341209127,2.5352271958899406,-1.5844292478159587,-1.7027348296407603,0.5838879585622438,-1.2253855498856698,0.5248577570033389,-0.3527398465406518,0.32011790834057646,-0.024532383875280225,0.15217774070456536,6.892238083152928e-17,-3.998640966424888e-17,-4.676431876665776e-18,-2.2669584595637906e-18,4.977954832857187e-19,0.0
0018,0.6464431173219841,0.6595789149509661,0.8328175802821722,2.0240533125383315,-0.8097561271733476,0.03601128740022267,-0.4874150836754591,-0.6109793087107283,-0.08469098213034468,-0.12021813555923984,0.6749030919173904,5.2906632560607335e-17,-2.5758544365448744e-18,3.184269628669805e-17,8.352956951532554e-18,-4.6083620065574696e-18,-0.0
0030,0.523005763147988,-0.5707389850012832,1.3860395174800877,0.5227641552057093,0.36805410739062155,-3.098172582821203,-1.084328228126611,-0.5180923058587438,-0.25397099045834154,-0.33921273050793466,-0.33001345314927966,-7.670394748417823e-17,5.2205237758796583e-17,2.274780526421193e-17,7.128997209565603e-18,4.2660910734148396e-19,-0.0
0024,-3.292360481714536,-0.9351362351104776,0.47476830092837696,1.5136813145874914,2.106722947615355,-0.15526129081275822,0.6372199350392241,-0.13636238301079326,0.1374873479028184,0.20811929187561518,-0.07009234106276688,-1.389779224509132e-16,4.7839631009058703e-17,6.2617745475756745e-18,3.4533491567451353e-18,9.15363822888764e-19,-0.0
0032,0.9637199703464654,3.7527552401920614,0.5340309323397298,1.2905814255507688,-0.6623694076458249,0.0943149497881622,-0.1382725256765743,0.12617031990469182,-0.4291591661597541,0.1094663680864875,-0.3259127966131061,-3.8846249689469807e-17,1.558317708455614e-17,-3.3750217491040835e-18,3.1356311350810755e-18,-2.5927575874073665e-18,-0.0
0026,-0.9055301526608712,0.39463582080474285,-1.1985472667099564,0.11390982962957816,-0.016331450873893833,-0.8618373448909897,0.2435170425038337,-0.15392305147966606,0.4267156676226036,-0.6054346228947204,-0.07382422488111415,5.19875163851183e-18,1.1242943495116552e-18,-8.007001014272346e-18,-2.529615889348005e-18,2.235021551068811e-18,-0.0
0027,0.5399832219203137,-1.406378791450815,2.904258446643462,-0.7527047774761968,-0.4045241964693781,0.52282308567024,-2.5353076715659255,-0.13871826438223758,-0.5632014649263887,0.4322791517016137,-0.13208578682469638,-4.848672460643974e-17,2.4789930997075175e-17,4.2657554019553533e-17,8.284601514676327e-18,-1.5365160780396443e-18,-0.0
0033,-0.7372337635890898,-1.4145774582772124,-0.6921664817935261,0.2002014693728722,-0.4127066619293619,0.18824091727025136,-0.07944415181015216,0.09198193734370672,-0.017153516742187146,0.0041501228012011376,-0.09126177996325505,-1.088401484893915e-16,6.535091131916968e-17,4.480643770592529e-18,1.6712253838861e-18,4.488595404503967e-18,-0.0
0037,-2.4679946304308586,3.4205870682070807,1.7793632764717604,2.3442178330601107,0.09116299380355578,-0.8752967031116498,1.2791415884620538,0.40351697408798703,0.8490145113264957,1.5100957910823225,-0.03367328778033694,1.7026631879480476e-16,2.026146467315753e-18,1.1572066139779449e-17,6.697882431090452e-18,-4.30291046094474e-18,0.0
0023,3.9344434548122043,0.40451066105114936,1.3104311800719053,0.7387353879925697,-0.3677883471872642,-0.6753488401401192,-0.7153109497288025,-0.7476078367668365,0.38735512858506627,-0.2831834508934993,0.010872583560138059,-2.1381241164438972e-17,1.0381456511248078e-17,1.657957178250821e-17,5.6624879498605665e-18,-2.6321618145005486e-18,-0.0
0022,0.2393027293061835,2.985718943976122,-0.36790661629027177,-0.5595105534934793,-0.1317431850117576,-0.18144533149361114,-0.17543139079280554,-0.13108888253840084,-0.1416630240794216,0.09556140773374551,-0.09886093823520634,5.908032264111987e-19,-3.1066835545301464e-17,3.008017481532798e-19,-1.6240458588138173e-19,-1.9487950805978175e-18,0.0
0036,-0.6206116455815873,0.09123624655750522,-0.8061334609390011,-0.7597200904835427,-0.6501695561712092,-0.08253852155973805,0.0794374533006947,-0.027678660608465813,0.12874626926368143,-0.06559234082184275,0.1001912498854436,-3.5370215990118674e-17,3.862715981291821e-18,-1.0164576250814583e-19,-1.1026123950324006e-18,1.940022651963284e-18,0.0
0008,5.1199887441214535,-0.7182555869784584,1.6456950413114768,0.09835571480736362,-0.23523832721660498,-0.06988375554037121,-0.21640281653150725,-0.6878998855194012,0.38014141800186024,-0.002406866745746622,-0.2574288486462715,1.4061259111355207e-16,-6.39837787538584e-18,8.126458979962072e-18,3.0199762036209466e-18,-2.36869077526447e-18,-0.0
0020,0.1893182990378737,2.8403975426794084,-0.4911439311957402,0.2773399398802757,-0.4192248403450692,0.40458147175491865,0.2893482176889887,0.5385890552347858,-0.07234251328632806,-0.11132204038284624,-0.046835325795752746,-1.466118218605768e-18,-6.662427835327328e-18,-2.345084586442468e-17,-2.709010983129145e-18,-6.618705135185394e-19,0.0
0034,-1.3389475300469316,-0.455430652501656,-0.8301176894651756,0.5603723688885425,-0.07577880698799593,-0.7491427288227618,0.4714922275892199,-0.12033508823863129,0.11239634152492861,-0.31507178739600694,0.006039295376387944,-1.2180518097994127e-16,1.557667073087214e-17,-2.4403060659459835e-18,-9.467787998202435e-19,1.559629980729652e-18,-0.0
0035,-0.6120317843293359,1.1867970700821546,-1.207186480973976,-1.691883986185239,0.1671065115963942,-0.19134909893174837,-0.08783858574914823,-0.14763848738687468,0.13736888822292084,0.019215104631028553,0.09726975953660436,1.1115027375846456e-17,-1.2573723240247172e-16,-7.785123194925641e-19,-7.534810802873695e-18,-3.846768095998307e-18,0.0
0021,-0.7590080208516556,-1.8669904197310159,-0.6025977862838826,0.5292598094699352,-0.5135437355860153,0.25425657226190357,-0.07798425025554415,0.1336550546881557,-0.044026978475249424,0.0015301259612311537,-0.1240498737893176,-1.2141868977540834e-16,3.691446208457835e-18,4.943663316130264e-18,-1.8289187270121434e-18,1.1836879943018252e-18,-0.0
0009,0.3132580226567105,1.4945288181325518,0.0164571482193672,1.0426421618071418,-0.5639642451403328,0.30997733879069417,-0.029378883077722365,-0.12971403894182032,0.1631465348913398,-0.30185994533853944,0.8340462114512199,1.085003003876618e-16,-2.300740949820278e-17,5.727436917361373e-18,3.0395191578315007e-18,-3.4519481999228405e-18,0.0
