Behavioral_ID,Actual_ID
P0,0001
P1,0002
P2,0003
P3,0004
P4,0005
P5,0006
P6,0007
P7,0008
P8,0009
P9,0010
P10,0011
P11,0012
P12,0013
P13,0014
P14,0015
P15,0016
P16,0017
P17,0018
P18,0019
P19,0020
P20,0021
P21,0022
P22,0023
P23,0024
P24,0025
P25,0026
P26,0027
P27,0028
P28,0029
P29,0030
P30,0031
P31,0032
P32,0033
P33,0034
P34,0035
P35,0036
P36,0037
P37,0038
P38,0039
P39,0040
P40,0041
P41,0042
P42,0043
P43,0044
P44,0045
P45,0046
P46,0047
P47,0048
P48,0049
P49,0050
P50,0051
P51,0052
P52,0053
P53,0054
P54,0055
P55,0056
P56,0057
P57,0058
P58,0059
P59,0060
P60,0061
P61,0062
P62,0063
P63,0064
P64,0065
P65,0066
P66,0067
P67,0068
P68,0069
P69,0070
P70,0071
P71,0072
P72,0073
P73,0074
P74,0075
P75,0076
P76,0077
P77,0078
P78,0079
P79,0080
P80,0081
P81,0082
P82,0083
P83,0084
P84,0085
P85,0086
P86,0087
P87,0088
P88,0089
P89,0090
P90,0091
P91,0092
P92,0093
P93,0094
P94,0095
P95,0096
P96,0097
P97,0098
P98,0099
P99,0100
P100,0101
P101,0102
P102,0103
P103,0104
P104,0105
P105,0106
P106,0107
P107,0108
P108,0109
P109,0110
P110,0111
P111,0112
P112,0113
